insert into hearing ( hearing_id, status, is_linked_flag) values ('2000000000', 'UPDATE_REQUESTED', false);
insert into hearing ( hearing_id, status, is_linked_flag) values ('2000000009', 'HEARING_REQUESTED', true);
insert into hearing ( hearing_id, status, is_linked_flag) values ('2000000010', 'LISTED', true);
insert into hearing ( hearing_id, status, is_linked_flag) values ('2000000012', 'UPDATE_REQUESTED', true);
insert into hearing ( hearing_id, status, is_linked_flag) values ('2000000013', 'UPDATE_REQUESTED', true);
insert into hearing ( hearing_id, status, is_linked_flag) values ('2000000014', 'UPDATE_REQUESTED', true);
insert into hearing ( hearing_id, status, is_linked_flag) values ('2000000015', 'UPDATE_REQUESTED', true);

insert into case_hearing_request (
 auto_list_flag, hearing_type, required_duration_in_minutes, hearing_priority_type, number_of_physical_attendees, hearing_in_welsh_flag, private_hearing_required_flag, lead_judge_contract_type, first_date_time_of_hearing_must_be, hmcts_service_code, case_reference, hearing_request_received_date_time, external_case_reference, case_url_context_path, hmcts_internal_case_name, public_case_name, additional_security_required_flag, owning_location_id, case_restricted_flag, case_sla_start_date, hearing_request_version, hearing_id, interpreter_booking_required_flag, listing_comments, requester, hearing_window_start_date_range, hearing_window_end_date_range)
values ( 't'	,'hearingType1',	60,	'Priority type1',	4,'f','f','AB123',null,'ABA1'	,9372710950276233,	'2021-08-10 11:20:00','EXT/REF123',	'https://www.google.com',	'Internal case name','Public case name',	't'	,'CMLC123',	't',	'2021-10-10 00:00:00',	1,	2000000000	,'t'	,	'Some listing comments1',	'Some judge1',	'2021-11-01 00:00:00',	'2021-11-12 00:00:00');
insert into case_hearing_request (
 auto_list_flag, hearing_type, required_duration_in_minutes, hearing_priority_type, number_of_physical_attendees, hearing_in_welsh_flag, private_hearing_required_flag, lead_judge_contract_type, first_date_time_of_hearing_must_be, hmcts_service_code, case_reference, hearing_request_received_date_time, external_case_reference, case_url_context_path, hmcts_internal_case_name, public_case_name, additional_security_required_flag, owning_location_id, case_restricted_flag, case_sla_start_date, hearing_request_version, hearing_id, interpreter_booking_required_flag, listing_comments, requester, hearing_window_start_date_range, hearing_window_end_date_range)
values ( 't'	,'hearingType3',	63,	'Priority type3',	6,'t','t','AB123',null,'ABA1'	,9372710950276233,	'2020-08-10 11:20:00','EXT/REF123',	'https://www.google.com',	'Internal case name','Public case name',	't'	,'CMLC333',	't',	'2021-10-10 00:00:00',	1,	2000000009	,'f'	,	'Some listing comments3',	'Some judge3',	'2021-11-01 00:00:00',	'2021-11-12 00:00:00');

insert into case_hearing_request (
  auto_list_flag, hearing_type, required_duration_in_minutes, hearing_priority_type, number_of_physical_attendees, hearing_in_welsh_flag, private_hearing_required_flag, lead_judge_contract_type, first_date_time_of_hearing_must_be, hmcts_service_code, case_reference, hearing_request_received_date_time, external_case_reference, case_url_context_path, hmcts_internal_case_name, public_case_name, additional_security_required_flag, owning_location_id, case_restricted_flag, case_sla_start_date, hearing_request_version, hearing_id, interpreter_booking_required_flag, listing_comments, requester, hearing_window_start_date_range, hearing_window_end_date_range)
values ( 't'	,'hearingType3',	63,	'Priority type3',	6,'t','t','AB123',null,'ABA1'	,9372710950276233,	'2020-08-10 11:20:00','EXT/REF123',	'https://www.google.com',	'Internal case name','Public case name',	't'	,'CMLC333',	't',	'2021-10-10 00:00:00',	1,	2000000010	,'f'	,	'Some listing comments3',	'Some judge3',	'2021-11-01 00:00:00',	'2021-11-12 00:00:00');


insert into case_hearing_request (
 auto_list_flag, hearing_type, required_duration_in_minutes, hearing_priority_type, number_of_physical_attendees, hearing_in_welsh_flag, private_hearing_required_flag, lead_judge_contract_type, first_date_time_of_hearing_must_be, hmcts_service_code, case_reference, hearing_request_received_date_time, external_case_reference, case_url_context_path, hmcts_internal_case_name, public_case_name, additional_security_required_flag, owning_location_id, case_restricted_flag, case_sla_start_date, hearing_request_version, hearing_id, interpreter_booking_required_flag, listing_comments, requester, hearing_window_start_date_range, hearing_window_end_date_range)
values ( 't'	,'hearingType1',	60,	'Priority type1',	4,'f','f','AB123',null,'ABA1'	,9372710950276233,	'2021-08-10 11:20:00','EXT/REF123',	'https://www.google.com',	'Internal case name','Public case name',	't'	,'CMLC123',	't',	'2021-10-10 00:00:00',	1,	2000000012	,'t'	,	'Some listing comments1',	'Some judge1',	'2021-11-01 00:00:00',	'2021-11-12 00:00:00');
insert into case_hearing_request (
 auto_list_flag, hearing_type, required_duration_in_minutes, hearing_priority_type, number_of_physical_attendees, hearing_in_welsh_flag, private_hearing_required_flag, lead_judge_contract_type, first_date_time_of_hearing_must_be, hmcts_service_code, case_reference, hearing_request_received_date_time, external_case_reference, case_url_context_path, hmcts_internal_case_name, public_case_name, additional_security_required_flag, owning_location_id, case_restricted_flag, case_sla_start_date, hearing_request_version, hearing_id, interpreter_booking_required_flag, listing_comments, requester, hearing_window_start_date_range, hearing_window_end_date_range)
values ( 't'	,'hearingType1',	60,	'Priority type1',	4,'f','f','AB123',null,'ABA1'	,9372710950276233,	'2021-08-10 11:20:00','EXT/REF123',	'https://www.google.com',	'Internal case name','Public case name',	't'	,'CMLC123',	't',	'2021-10-10 00:00:00',	1,	2000000013	,'t'	,	'Some listing comments1',	'Some judge1',	'2021-11-01 00:00:00',	'2021-11-12 00:00:00');

insert into case_hearing_request (
  auto_list_flag, hearing_type, required_duration_in_minutes, hearing_priority_type, number_of_physical_attendees, hearing_in_welsh_flag, private_hearing_required_flag, lead_judge_contract_type, first_date_time_of_hearing_must_be, hmcts_service_code, case_reference, hearing_request_received_date_time, external_case_reference, case_url_context_path, hmcts_internal_case_name, public_case_name, additional_security_required_flag, owning_location_id, case_restricted_flag, case_sla_start_date, hearing_request_version, hearing_id, interpreter_booking_required_flag, listing_comments, requester, hearing_window_start_date_range, hearing_window_end_date_range)
values ( 't'	,'hearingType1',	60,	'Priority type1',	4,'f','f','AB123',null,'ABA1'	,9372710950276233,	'2021-08-10 11:20:00','EXT/REF123',	'https://www.google.com',	'Internal case name','Public case name',	't'	,'CMLC123',	't',	'2021-10-10 00:00:00',	1,	2000000014	,'t'	,	'Some listing comments1',	'Some judge1',	'2021-11-01 00:00:00',	'2021-11-12 00:00:00');

insert into case_hearing_request (
 auto_list_flag, hearing_type, required_duration_in_minutes, hearing_priority_type, number_of_physical_attendees, hearing_in_welsh_flag, private_hearing_required_flag, lead_judge_contract_type, first_date_time_of_hearing_must_be, hmcts_service_code, case_reference, hearing_request_received_date_time, external_case_reference, case_url_context_path, hmcts_internal_case_name, public_case_name, additional_security_required_flag, owning_location_id, case_restricted_flag, case_sla_start_date, hearing_request_version, hearing_id, interpreter_booking_required_flag, listing_comments, requester, hearing_window_start_date_range, hearing_window_end_date_range)
values ( 't'	,'hearingType1',	60,	'Priority type1',	4,'f','f','AB123',null,'ABA1'	,9372710950276233,	'2021-08-10 11:20:00','EXT/REF123',	'https://www.google.com',	'Internal case name','Public case name',	't'	,'CMLC123',	't',	'2021-10-10 00:00:00',	1,	2000000015	,'t'	,	'Some listing comments1',	'Some judge1',	'2021-11-01 00:00:00',	'2021-11-12 00:00:00');

insert into hearing_response(hearing_response_id, hearing_id, received_date_time, listing_status, listing_case_status, response_version, request_version)
values (1, '2000000000', '2020-08-10 11:20:00', 'listingStatus1-1', 'caselistingStatus1-1', '1', '1');

insert into hearing_response(hearing_response_id, hearing_id, received_date_time, listing_status, listing_case_status, response_version, request_version)
values (2, '2000000009', '2020-08-10 11:20:00', 'listingStatus1-1', 'caselistingStatus1-1', '1', '1');

insert into hearing_response(hearing_response_id, hearing_id, received_date_time, listing_status, listing_case_status, response_version, request_version)
values (3, '2000000012', '2020-08-10 11:20:00', 'listingStatus1-1', 'caselistingStatus1-1', '1', '1');

insert into hearing_response(hearing_response_id, hearing_id, received_date_time, listing_status, listing_case_status, response_version, request_version)
values (4, '2000000013', '2020-08-10 11:20:00', 'listingStatus1-1', 'caselistingStatus1-1', '1', '1');

insert into hearing_response(hearing_response_id, hearing_id, received_date_time, listing_status, listing_case_status, response_version, request_version)
values (5, '2000000014', '2020-08-10 11:20:00', 'listingStatus1-1', 'caselistingStatus1-1', '1', '1');

insert into hearing_response(hearing_response_id, hearing_id, received_date_time, listing_status, listing_case_status, response_version, request_version)
values (6, '2000000010', '2020-08-10 11:20:00', 'listingStatus1-1', 'caselistingStatus1-1', '1', '1');

insert into hearing_response(hearing_response_id, hearing_id, received_date_time, listing_status, listing_case_status, response_version, request_version)
values (7, '2000000015', '2020-08-10 11:20:00', 'listingStatus1-1', 'caselistingStatus1-1', '1', '1');

insert into hearing_day_details(hearing_day_id, hearing_response_id, start_date_time, end_date_time, list_assist_session_id, venue_id, room_id)
values (1, 1, '2021-01-10 11:20:00', '2021-08-10 11:20:00', 'session1-1', 'venue1-1', 'room1-1');
insert into hearing_day_details(hearing_day_id, hearing_response_id, start_date_time, end_date_time, list_assist_session_id, venue_id, room_id)
values (2, 1, '2021-01-10 11:20:00', '2020-08-10 11:20:00', 'session1-2', 'venue1-2', 'room1-2');

insert into hearing_day_details(hearing_day_id, hearing_response_id, start_date_time, end_date_time, list_assist_session_id, venue_id, room_id)
values (3, 2, '2021-01-10 11:20:00', '2021-08-10 11:20:00', 'session1-1', 'venue1-1', 'room1-1');
insert into hearing_day_details(hearing_day_id, hearing_response_id, start_date_time, end_date_time, list_assist_session_id, venue_id, room_id)
values (4, 2, '2020-01-10 11:20:00', '2020-08-10 11:20:00', 'session1-2', 'venue1-2', 'room1-2');

insert into hearing_day_details(hearing_day_id, hearing_response_id, start_date_time, end_date_time, list_assist_session_id, venue_id, room_id)
values (5, 3, '2021-01-10 11:20:00', '2021-08-10 11:20:00', 'session1-1', 'venue1-1', 'room1-1');
insert into hearing_day_details(hearing_day_id, hearing_response_id, start_date_time, end_date_time, list_assist_session_id, venue_id, room_id)
values (6, 3, '2021-01-10 11:20:00', '2020-08-10 11:20:00', 'session1-2', 'venue1-2', 'room1-2');

insert into hearing_day_details(hearing_day_id, hearing_response_id, start_date_time, end_date_time, list_assist_session_id, venue_id, room_id)
values (7, 4, '2021-01-10 11:20:00', '2021-08-10 11:20:00', 'session1-1', 'venue1-1', 'room1-1');
insert into hearing_day_details(hearing_day_id, hearing_response_id, start_date_time, end_date_time, list_assist_session_id, venue_id, room_id)
values (8, 4, '2021-01-10 11:20:00', '2020-08-10 11:20:00', 'session1-2', 'venue1-2', 'room1-2');

insert into hearing_day_details(hearing_day_id, hearing_response_id, start_date_time, end_date_time, list_assist_session_id, venue_id, room_id)
values (9, 5, '2021-01-10 11:20:00', '2021-08-10 11:20:00', 'session1-1', 'venue1-1', 'room1-1');
insert into hearing_day_details(hearing_day_id, hearing_response_id, start_date_time, end_date_time, list_assist_session_id, venue_id, room_id)
values (10, 5, '2021-01-10 11:20:00', '2020-08-10 11:20:00', 'session1-2', 'venue1-2', 'room1-2');

insert into hearing_day_details(hearing_day_id, hearing_response_id, start_date_time, end_date_time, list_assist_session_id, venue_id, room_id)
values (11, 6, '2021-01-10 11:20:00', '2021-08-10 11:20:00', 'session1-1', 'venue1-1', 'room1-1');

insert into hearing_day_details(hearing_day_id, hearing_response_id, start_date_time, end_date_time, list_assist_session_id, venue_id, room_id)
values (12, 7, '2021-01-10 11:20:00', '2021-08-10 11:20:00', 'session1-1', 'venue1-1', 'room1-1');
insert into hearing_day_details(hearing_day_id, hearing_response_id, start_date_time, end_date_time, list_assist_session_id, venue_id, room_id)
values (13, 7, '2021-01-10 11:20:00', '2020-08-10 11:20:00', 'session1-2', 'venue1-2', 'room1-2');


insert into actual_hearing(actual_hearing_id, actual_hearing_type, actual_hearing_is_final_flag, hearing_result_type, hearing_result_reason_type, hearing_result_date, hearing_response_id)
values (1, 'Test Hearing Type', false, 'ADJOURNED', 'ADJOURNED reason', '2020-08-10 11:20:00', 1);

insert into actual_hearing(actual_hearing_id, actual_hearing_type, actual_hearing_is_final_flag, hearing_result_type, hearing_result_reason_type, hearing_result_date, hearing_response_id)
values (2, 'Test Hearing Type', false, 'ADJOURNED', 'ADJOURNED reason', '2020-08-10 11:20:00', 2);

insert into actual_hearing(actual_hearing_id, actual_hearing_type, actual_hearing_is_final_flag, hearing_result_type, hearing_result_reason_type, hearing_result_date, hearing_response_id)
values (4, 'Test Hearing Type', false, 'ADJOURNED', 'ADJOURNED reason', '2020-08-10 11:20:00', 4);

insert into actual_hearing(actual_hearing_id, actual_hearing_type, actual_hearing_is_final_flag, hearing_result_type, hearing_result_reason_type, hearing_result_date, hearing_response_id)
values (5, 'Test Hearing Type', false, 'CANCELLED', 'CANCELLED reason', '2020-08-10 11:20:00', 5);

insert into actual_hearing(actual_hearing_id, actual_hearing_type, actual_hearing_is_final_flag, hearing_result_type, hearing_result_reason_type, hearing_result_date, hearing_response_id)
values (6, 'Test Hearing Type', false, 'ADJOURNED', 'ADJOURNED reason', '2020-08-10 11:20:00', 6);

insert into actual_hearing(actual_hearing_id, actual_hearing_type, actual_hearing_is_final_flag, hearing_result_type, hearing_result_reason_type, hearing_result_date, hearing_response_id)
values (7, 'Test Hearing Type', false, 'COMPLETED', 'COMPLETED reason', '2020-08-10 11:20:00', 7);

insert into actual_hearing_day(actual_hearing_day_id, hearing_date, start_date_time, end_date_time, actual_hearing_id)
values (1, '2020-08-10 11:20:00', '2020-07-10 11:20:00', '2020-09-10 11:20:00', 1);

insert into actual_hearing_day(actual_hearing_day_id, hearing_date, start_date_time, end_date_time, actual_hearing_id)
values (2, '2020-08-10 11:20:00', '2020-07-10 11:20:00', '2020-09-10 11:20:00', 2);

insert into actual_hearing_day(actual_hearing_day_id, hearing_date, start_date_time, end_date_time, actual_hearing_id)
values (5, '2020-08-10 11:20:00', '2020-07-10 11:20:00', '2020-09-10 11:20:00', 5);

insert into actual_hearing_day(actual_hearing_day_id, hearing_date, start_date_time, end_date_time, actual_hearing_id)
values (6, '2020-08-10 11:20:00', '2020-07-10 11:20:00', '2020-09-10 11:20:00', 6);

insert into hearing_day_panel(id, hearing_day_id, panel_user_id,is_presiding) values (1, 1, 'panel1-1','true');
insert into hearing_day_panel(id, hearing_day_id, panel_user_id,is_presiding) values (2, 1, 'panel1-2','false');
insert into hearing_day_panel(id, hearing_day_id, panel_user_id,is_presiding) values (3, 2, 'panel1-2',null);

insert into hearing_day_panel(id, hearing_day_id, panel_user_id,is_presiding) values (4, 3, 'panel1-1','true');
insert into hearing_day_panel(id, hearing_day_id, panel_user_id,is_presiding) values (5, 4, 'panel1-2','false');
insert into hearing_day_panel(id, hearing_day_id, panel_user_id,is_presiding) values (6, 5, 'panel1-2',null);
insert into hearing_day_panel(id, hearing_day_id, panel_user_id,is_presiding) values (7, 6, 'panel1-2','false');
insert into hearing_day_panel(id, hearing_day_id, panel_user_id,is_presiding) values (8, 7, 'panel1-2',null);
insert into hearing_day_panel(id, hearing_day_id, panel_user_id,is_presiding) values (9, 8, 'panel1-2',null);
insert into hearing_day_panel(id, hearing_day_id, panel_user_id,is_presiding) values (10, 9, 'panel1-2',null);
insert into hearing_day_panel(id, hearing_day_id, panel_user_id,is_presiding) values (11, 10, 'panel1-2',null);
insert into hearing_day_panel(id, hearing_day_id, panel_user_id,is_presiding) values (12, 11, 'panel1-2',null);

insert into hearing_attendee_details(id, hearing_day_id, party_id, party_sub_channel_type) values (1, 1, 'party1-1','subChannel1-1');
insert into hearing_attendee_details(id, hearing_day_id, party_id, party_sub_channel_type) values (2, 1, 'party1-2','subChannel1-2');
